ts_utc,gpu,subset,n_offers,n_gpus,min,p10,p25,median,p75,p90,mean,cheap5,gpu_weighted_median
2026-09-25T05:35Z,RTX 3090,all,149,294,0.1163,0.1354,0.1489,0.1756,0.2548,0.3912,0.2346,0.1198,0.1754
2026-09-25T05:35Z,RTX 3090,reliable,96,183,0.1163,0.1389,0.149,0.1844,0.2691,0.4015,0.2414,0.1226,0.1737
2026-09-25T05:35Z,RTX 4090,all,218,582,0.1363,0.4011,0.4353,0.4956,0.6005,0.812,0.5651,0.2543,0.5074
2026-09-25T05:35Z,RTX 4090,reliable,164,452,0.3348,0.4011,0.4405,0.4934,0.6079,0.9988,0.58,0.3451,0.5074
2026-09-25T05:35Z,RTX 5090,all,315,1060,0.4003,0.4959,0.5356,0.6678,0.8004,0.9346,0.7044,0.4356,0.6681
2026-09-25T05:35Z,RTX 5090,reliable,248,832,0.4289,0.4763,0.5356,0.6689,0.8649,0.9598,0.7192,0.4472,0.6736
2026-09-25T05:36Z,RTX 3090,all,148,289,0.1163,0.1348,0.1489,0.1741,0.2439,0.3897,0.2204,0.1193,0.1741
2026-09-25T05:36Z,RTX 3090,reliable,93,174,0.1163,0.1431,0.1489,0.1774,0.2529,0.3906,0.2241,0.1197,0.1736
2026-09-25T05:36Z,RTX 4090,all,219,590,0.1363,0.4005,0.4289,0.4956,0.5863,0.7819,0.554,0.2488,0.5074
2026-09-25T05:36Z,RTX 4090,reliable,162,454,0.2956,0.4006,0.4306,0.4911,0.6035,0.9033,0.5669,0.3335,0.5206
2026-09-25T05:36Z,RTX 5090,all,317,1059,0.4022,0.4932,0.5356,0.6678,0.8006,0.9342,0.7027,0.436,0.6678
2026-09-25T05:36Z,RTX 5090,reliable,251,828,0.4022,0.4827,0.5352,0.6696,0.8669,0.937,0.7154,0.436,0.6704
2026-09-25T06:17Z,RTX 3090,all,158,316,0.1191,0.1354,0.1526,0.1874,0.2529,0.3903,0.2407,0.121,0.187
2026-09-25T06:17Z,RTX 3090,reliable,97,180,0.1191,0.1473,0.1611,0.1889,0.2674,0.3963,0.2548,0.1234,0.1881
2026-09-25T06:17Z,RTX 4090,all,240,650,0.1363,0.4017,0.441,0.5069,0.6015,0.8022,0.5707,0.257,0.5207
2026-09-25T06:17Z,RTX 4090,reliable,178,501,0.3289,0.4015,0.4405,0.5085,0.6607,0.9481,0.5842,0.3439,0.5336
2026-09-25T06:17Z,RTX 5090,all,319,1007,0.3356,0.4953,0.5352,0.6672,0.7763,0.9347,0.6984,0.41,0.6672
2026-09-25T06:17Z,RTX 5090,reliable,255,803,0.3356,0.4949,0.5356,0.6726,0.8006,0.9385,0.7164,0.4242,0.6711
2026-09-25T06:31Z,RTX 3090,all,169,332,0.1192,0.1348,0.1515,0.187,0.2678,0.3902,0.2406,0.1208,0.1775
2026-09-25T06:31Z,RTX 3090,reliable,111,207,0.1192,0.1348,0.1611,0.1889,0.3489,0.3948,0.2547,0.1208,0.187
2026-09-25T06:31Z,RTX 4090,all,257,682,0.1363,0.4011,0.4402,0.507,0.6022,1.0355,0.5984,0.2341,0.5221
2026-09-25T06:31Z,RTX 4090,reliable,197,527,0.2944,0.4008,0.4334,0.5074,0.6284,1.0366,0.5901,0.3123,0.523
2026-09-25T06:31Z,RTX 5090,all,310,995,0.3356,0.4976,0.5366,0.6676,0.8004,0.936,0.7077,0.3935,0.6681
2026-09-25T06:31Z,RTX 5090,reliable,245,784,0.3356,0.4999,0.5363,0.6788,0.8669,1.0116,0.7283,0.4171,0.6837
2026-09-25T06:31Z,RTX 3090,all,169,335,0.1191,0.1355,0.1515,0.1874,0.2689,0.3908,0.2431,0.1221,0.187
2026-09-25T06:31Z,RTX 3090,reliable,114,210,0.1191,0.1414,0.1613,0.2005,0.3484,0.4001,0.2573,0.1221,0.2004
2026-09-25T06:31Z,RTX 4090,all,257,682,0.1363,0.4017,0.4404,0.5069,0.6275,1.0355,0.6037,0.2515,0.5212
2026-09-25T06:31Z,RTX 4090,reliable,192,527,0.3089,0.4017,0.4405,0.5143,0.6685,1.0366,0.6037,0.3361,0.5336
2026-09-25T06:31Z,RTX 5090,all,313,1015,0.4007,0.4733,0.5344,0.6489,0.8002,0.9352,0.6992,0.4093,0.6675
2026-09-25T06:31Z,RTX 5090,reliable,247,805,0.4011,0.4748,0.5344,0.6678,0.848,0.9672,0.7184,0.4236,0.6781
2026-09-25T07:26Z,RTX 3090,all,156,302,0.1163,0.1347,0.1489,0.1878,0.2674,0.3757,0.225,0.1196,0.1872
2026-09-25T07:26Z,RTX 3090,reliable,109,199,0.1163,0.1347,0.1491,0.1889,0.3188,0.3902,0.2361,0.1196,0.197
2026-09-25T07:26Z,RTX 4090,all,252,675,0.1363,0.4011,0.4336,0.5076,0.6172,1.035,0.5966,0.2485,0.5336
2026-09-25T07:26Z,RTX 4090,reliable,196,523,0.2944,0.4011,0.4405,0.5216,0.6676,1.0366,0.5988,0.3307,0.5338
2026-09-25T07:26Z,RTX 5090,all,299,991,0.4006,0.4974,0.5356,0.6681,0.8003,0.9338,0.7033,0.4194,0.6819
2026-09-25T07:26Z,RTX 5090,reliable,234,746,0.423,0.4958,0.5356,0.6814,0.8015,0.937,0.7225,0.4377,0.7338
2026-09-25T07:26Z,RTX 5090,card:minimax-h3-solattn-edit-promptenhanced,40,40,0.503,0.5744,0.6644,0.7366,0.9247,1.1136,0.7947,0.5433,0.7361
2026-09-25T07:26Z,RTX 4090,card:minimax-h3-solattn-edit-promptenhanced,46,46,0.4022,0.4763,0.4967,0.5748,0.8028,1.2044,0.7076,0.4354,0.5659
2026-09-25T07:26Z,RTX 3090,card:minimax-h3-solattn-edit-promptenhanced,11,11,0.137,0.1889,0.3237,0.3948,0.4436,0.4844,0.439,0.265,0.3948
2026-09-25T07:26Z,ALL,card:minimax-h3-solattn-edit-promptenhanced,97,97,0.137,0.4331,0.5034,0.6711,0.8689,1.1239,0.7131,0.265,0.6711
2026-09-25T07:26Z,RTX 5090,card:minimax-h3-solattn-edit,40,40,0.5344,0.5636,0.6386,0.7363,0.9209,1.1093,0.7847,0.546,0.7356
2026-09-25T07:26Z,RTX 4090,card:minimax-h3-solattn-edit,46,46,0.4022,0.4641,0.4956,0.5911,0.8028,1.2044,0.7127,0.441,0.5904
2026-09-25T07:26Z,RTX 3090,card:minimax-h3-solattn-edit,11,11,0.137,0.1889,0.323,0.3948,0.4309,0.4844,0.4003,0.2647,0.3948
2026-09-25T07:26Z,ALL,card:minimax-h3-solattn-edit,97,97,0.137,0.4424,0.5222,0.6696,0.8689,1.1107,0.7069,0.2647,0.6696
2026-09-25T12:46Z,RTX 3090,all,131,233,0.1191,0.1344,0.1489,0.1822,0.2536,0.3908,0.2433,0.1203,0.1775
2026-09-25T12:46Z,RTX 3090,reliable,95,162,0.1191,0.1346,0.1512,0.1822,0.2869,0.4026,0.2484,0.1203,0.1811
2026-09-25T12:46Z,RTX 4090,all,219,568,0.1363,0.4008,0.4421,0.4956,0.6017,0.9573,0.5759,0.249,0.5081
2026-09-25T12:46Z,RTX 4090,reliable,165,456,0.2956,0.4008,0.443,0.5034,0.6674,0.9591,0.5945,0.336,0.523
2026-09-25T12:46Z,RTX 5090,all,282,930,0.4004,0.4711,0.5344,0.667,0.7755,0.9369,0.7031,0.4064,0.6685
2026-09-25T12:46Z,RTX 5090,reliable,216,698,0.4011,0.4707,0.5341,0.6689,0.8007,1.041,0.7189,0.4203,0.7076
2026-09-25T12:46Z,RTX 5090,card:minimax-h3-solattn-edit-promptenhanced,36,36,0.4296,0.5353,0.615,0.73,0.8693,1.1134,0.7578,0.4952,0.7237
2026-09-25T12:46Z,RTX 4090,card:minimax-h3-solattn-edit-promptenhanced,36,36,0.4022,0.4641,0.4922,0.5911,0.8022,1.2692,0.7018,0.4384,0.5904
2026-09-25T12:46Z,RTX 3090,card:minimax-h3-solattn-edit-promptenhanced,9,9,0.3504,0.3516,0.3757,0.4022,0.5363,0.7489,0.5376,0.3759,0.4022
2026-09-25T12:46Z,ALL,card:minimax-h3-solattn-edit-promptenhanced,81,81,0.3504,0.4593,0.503,0.6704,0.8022,1.1137,0.7085,0.3759,0.6704
2026-09-25T12:46Z,RTX 5090,card:minimax-h3-solattn-edit,37,37,0.5087,0.545,0.6289,0.737,0.8704,1.1133,0.7706,0.5339,0.737
2026-09-25T12:46Z,RTX 4090,card:minimax-h3-solattn-edit,37,37,0.4022,0.4707,0.4925,0.5904,0.8022,1.2689,0.7001,0.4523,0.5904
2026-09-25T12:46Z,RTX 3090,card:minimax-h3-solattn-edit,9,9,0.3504,0.3516,0.3757,0.4037,0.5363,0.669,0.4929,0.3768,0.4037
2026-09-25T12:46Z,ALL,card:minimax-h3-solattn-edit,83,83,0.3504,0.4695,0.5287,0.6704,0.8026,1.1134,0.7091,0.3765,0.6704
2026-09-25T17:57Z,RTX 3090,all,136,239,0.1163,0.1345,0.1509,0.1766,0.2406,0.3511,0.2177,0.1193,0.1756
2026-09-25T17:57Z,RTX 3090,reliable,93,156,0.1163,0.1341,0.1563,0.1774,0.2515,0.3613,0.2234,0.1193,0.1756
2026-09-25T17:57Z,RTX 4090,all,225,555,0.2956,0.4011,0.4422,0.4956,0.667,1.0674,0.6124,0.33,0.5096
2026-09-25T17:57Z,RTX 4090,reliable,165,419,0.2956,0.4008,0.4422,0.5135,0.6704,1.1482,0.6218,0.3325,0.5135
2026-09-25T17:57Z,RTX 5090,all,270,808,0.3356,0.4702,0.5339,0.6289,0.7941,0.9381,0.7,0.3907,0.6289
2026-09-25T17:57Z,RTX 5090,reliable,201,556,0.3356,0.4711,0.5341,0.6489,0.8011,1.0024,0.7206,0.4181,0.6726
2026-09-25T17:57Z,RTX 5090,card:minimax-h3-solattn-edit-promptenhanced,37,37,0.5393,0.6049,0.657,0.7493,0.9209,1.0708,0.8003,0.5729,0.7493
2026-09-25T17:57Z,RTX 4090,card:minimax-h3-solattn-edit-promptenhanced,35,35,0.3956,0.4753,0.5181,0.5919,0.9589,1.2776,0.7388,0.4364,0.5919
2026-09-25T17:57Z,RTX 3090,card:minimax-h3-solattn-edit-promptenhanced,8,8,0.2956,0.3272,0.348,0.4459,0.5402,0.8222,0.542,0.3757,0.4022
2026-09-25T17:57Z,ALL,card:minimax-h3-solattn-edit-promptenhanced,80,80,0.2956,0.4841,0.5387,0.6896,0.9249,1.145,0.7476,0.3569,0.6837
2026-09-25T17:57Z,RTX 5090,card:minimax-h3-solattn-edit,37,37,0.5393,0.6105,0.7081,0.7391,0.937,1.0191,0.8074,0.5749,0.7391
2026-09-25T17:57Z,RTX 4090,card:minimax-h3-solattn-edit,35,35,0.4154,0.4841,0.5033,0.5904,0.9593,1.2776,0.7547,0.4539,0.5904
2026-09-25T17:57Z,RTX 3090,card:minimax-h3-solattn-edit,8,8,0.2956,0.3272,0.348,0.4459,0.5402,0.7024,0.4921,0.3757,0.4022
2026-09-25T17:57Z,ALL,card:minimax-h3-solattn-edit,80,80,0.2956,0.4856,0.537,0.7163,0.9372,1.1162,0.7528,0.3609,0.7111
2026-09-25T21:34Z,RTX 3090,all,131,221,0.1163,0.1356,0.1619,0.1874,0.2444,0.3407,0.2354,0.1196,0.1874
2026-09-25T21:34Z,RTX 3090,reliable,90,143,0.1163,0.1348,0.1611,0.1878,0.2499,0.3416,0.2322,0.1196,0.1874
2026-09-25T21:34Z,RTX 4090,all,211,465,0.1363,0.4011,0.4402,0.4944,0.5953,0.8919,0.5706,0.2954,0.5003
2026-09-25T21:34Z,RTX 4090,reliable,154,348,0.3348,0.4011,0.4403,0.4819,0.6054,1.0675,0.5876,0.359,0.507
2026-09-25T21:34Z,RTX 5090,all,263,711,0.3356,0.468,0.5336,0.6022,0.7606,0.9209,0.6612,0.3827,0.6011
2026-09-25T21:34Z,RTX 5090,reliable,189,458,0.3356,0.4686,0.5336,0.6015,0.8009,0.9361,0.6707,0.3831,0.5615
2026-09-25T21:34Z,RTX 5090,card:minimax-h3-solattn-edit-promptenhanced,42,42,0.503,0.5492,0.6033,0.69,0.87,1.0323,0.747,0.5225,0.6852
2026-09-25T21:34Z,RTX 4090,card:minimax-h3-solattn-edit-promptenhanced,33,33,0.401,0.4367,0.4696,0.5487,0.7345,0.8922,0.647,0.4195,0.5487
2026-09-25T21:34Z,RTX 3090,card:minimax-h3-solattn-edit-promptenhanced,8,8,0.2689,0.327,0.3776,0.4001,0.5111,0.5561,0.431,0.3614,0.3978
2026-09-25T21:34Z,ALL,card:minimax-h3-solattn-edit-promptenhanced,83,83,0.2689,0.4367,0.5061,0.6403,0.7998,0.9897,0.6768,0.3612,0.6403
2026-09-25T21:34Z,RTX 5090,card:minimax-h3-solattn-edit,41,41,0.4726,0.5926,0.6296,0.7062,0.8689,1.0028,0.7483,0.5338,0.7062
2026-09-25T21:34Z,RTX 4090,card:minimax-h3-solattn-edit,33,33,0.401,0.4367,0.4681,0.5363,0.7345,0.8922,0.6388,0.4195,0.5363
2026-09-25T21:34Z,RTX 3090,card:minimax-h3-solattn-edit,7,7,0.2689,0.3187,0.3771,0.5027,0.527,0.5627,0.4546,0.4087,0.5027
2026-09-25T21:34Z,ALL,card:minimax-h3-solattn-edit,81,81,0.2689,0.443,0.503,0.657,0.803,0.937,0.6783,0.3653,0.657
2026-09-26T00:37Z,RTX 3090,all,150,282,0.1115,0.1348,0.1497,0.1774,0.2405,0.2941,0.2191,0.1187,0.1869
2026-09-26T00:37Z,RTX 3090,reliable,98,171,0.1115,0.1348,0.1563,0.1823,0.2433,0.3264,0.2217,0.1187,0.187
2026-09-26T00:37Z,RTX 4090,all,233,508,0.1363,0.4006,0.4289,0.4948,0.6554,0.8922,0.5904,0.2581,0.4956
2026-09-26T00:37Z,RTX 4090,reliable,186,412,0.3348,0.4008,0.4291,0.4944,0.6694,1.0147,0.5953,0.3451,0.4956
2026-09-26T00:37Z,RTX 5090,all,280,801,0.3356,0.4675,0.5336,0.6023,0.7672,0.9222,0.6676,0.3773,0.6015
2026-09-26T00:37Z,RTX 5090,reliable,201,536,0.3356,0.4704,0.5339,0.6156,0.8009,1.0019,0.6958,0.3773,0.6144
2026-09-26T00:37Z,RTX 5090,card:minimax-h3-solattn-edit-promptenhanced,40,40,0.4726,0.5899,0.6566,0.7573,0.8861,1.0356,0.7874,0.5437,0.7391
2026-09-26T00:37Z,RTX 4090,card:minimax-h3-solattn-edit-promptenhanced,47,47,0.3889,0.4584,0.4848,0.6037,0.7896,1.2689,0.6957,0.425,0.6037
2026-09-26T00:37Z,RTX 3090,card:minimax-h3-solattn-edit-promptenhanced,6,6,0.2548,0.2619,0.2896,0.4104,0.4794,0.5096,0.394,0.3655,0.3519
2026-09-26T00:37Z,ALL,card:minimax-h3-solattn-edit-promptenhanced,93,93,0.2548,0.4612,0.5363,0.6704,0.8689,1.0356,0.7157,0.3333,0.6704
2026-09-26T00:37Z,RTX 5090,card:minimax-h3-solattn-edit,40,40,0.5385,0.5919,0.6356,0.7124,0.8861,1.0068,0.7625,0.5609,0.701
2026-09-26T00:37Z,RTX 4090,card:minimax-h3-solattn-edit,47,47,0.3889,0.4521,0.4874,0.6037,0.7896,1.2689,0.6934,0.4141,0.6037
2026-09-26T00:37Z,RTX 3090,card:minimax-h3-solattn-edit,6,6,0.2548,0.2619,0.2896,0.4104,0.4794,0.5096,0.394,0.3655,0.3519
2026-09-26T00:37Z,ALL,card:minimax-h3-solattn-edit,93,93,0.2548,0.4689,0.5363,0.6696,0.8444,1.0292,0.7038,0.3333,0.6696
2026-09-26T06:09Z,RTX 3090,all,149,295,0.1091,0.1348,0.1489,0.1802,0.2419,0.3714,0.236,0.1187,0.1869
2026-09-26T06:09Z,RTX 3090,reliable,97,166,0.1091,0.135,0.1534,0.1802,0.2523,0.3936,0.2374,0.1187,0.1872
2026-09-26T06:09Z,RTX 4090,all,246,617,0.203,0.4004,0.4406,0.4946,0.6023,0.8912,0.5835,0.3044,0.5081
2026-09-26T06:09Z,RTX 4090,reliable,193,496,0.3348,0.4004,0.4406,0.4833,0.6681,0.9247,0.5863,0.3367,0.5081
2026-09-26T06:09Z,RTX 5090,all,302,878,0.3869,0.4411,0.5336,0.6028,0.7752,0.9356,0.6683,0.3902,0.6048
2026-09-26T06:09Z,RTX 5090,reliable,224,644,0.3869,0.4675,0.534,0.6327,0.8012,1.0014,0.6946,0.3903,0.6536
2026-09-26T06:09Z,RTX 5090,card:minimax-h3-solattn-edit-promptenhanced,43,43,0.4763,0.5807,0.663,0.7714,0.8696,1.0034,0.7758,0.5359,0.7714
2026-09-26T06:09Z,RTX 4090,card:minimax-h3-solattn-edit-promptenhanced,43,43,0.3778,0.4207,0.469,0.5904,0.7558,1.1928,0.6552,0.4001,0.5904
2026-09-26T06:09Z,RTX 3090,card:minimax-h3-solattn-edit-promptenhanced,14,14,0.3359,0.3508,0.3721,0.4186,0.4906,0.7873,0.5173,0.3583,0.4024
2026-09-26T06:09Z,ALL,card:minimax-h3-solattn-edit-promptenhanced,100,100,0.3359,0.4024,0.4807,0.6693,0.8031,1.0068,0.6878,0.3567,0.6689
2026-09-26T06:09Z,RTX 5090,card:minimax-h3-solattn-edit,43,43,0.4726,0.5684,0.6704,0.7756,0.8696,0.9897,0.7801,0.5207,0.7756
2026-09-26T06:09Z,RTX 4090,card:minimax-h3-solattn-edit,43,43,0.3778,0.4302,0.4689,0.5222,0.7558,1.1928,0.6509,0.4056,0.5222
2026-09-26T06:09Z,RTX 3090,card:minimax-h3-solattn-edit,14,14,0.2548,0.289,0.3546,0.403,0.4604,0.7873,0.49,0.3155,0.4024
2026-09-26T06:09Z,ALL,card:minimax-h3-solattn-edit,100,100,0.2548,0.4036,0.4704,0.6704,0.8198,1.0061,0.6839,0.3155,0.6704
2026-09-26T11:24Z,RTX 3090,all,161,338,0.1192,0.1348,0.1489,0.1756,0.2323,0.3881,0.2266,0.1203,0.1756
2026-09-26T11:24Z,RTX 3090,reliable,108,201,0.1192,0.1347,0.1511,0.1777,0.2521,0.3896,0.2337,0.1203,0.1869
2026-09-26T11:24Z,RTX 4090,all,213,514,0.1363,0.3873,0.4144,0.4915,0.6681,1.1247,0.6162,0.2608,0.5135
2026-09-26T11:24Z,RTX 4090,reliable,162,408,0.2956,0.3874,0.4137,0.4809,0.6681,1.2003,0.5989,0.3272,0.507
2026-09-26T11:24Z,RTX 5090,all,301,870,0.3872,0.4664,0.5337,0.6289,0.7754,0.9352,0.7171,0.3929,0.63
2026-09-26T11:24Z,RTX 5090,reliable,229,623,0.3872,0.4663,0.5339,0.657,0.8015,1.0004,0.7444,0.3931,0.6678
2026-09-26T11:24Z,RTX 5090,card:minimax-h3-solattn-edit-promptenhanced,43,43,0.4677,0.6231,0.6704,0.7385,0.8715,0.9897,0.7855,0.5681,0.7385
2026-09-26T11:24Z,RTX 4090,card:minimax-h3-solattn-edit-promptenhanced,30,30,0.3956,0.4539,0.4693,0.5637,0.8697,1.269,0.7059,0.4259,0.537
2026-09-26T11:24Z,RTX 3090,card:minimax-h3-solattn-edit-promptenhanced,8,8,0.2548,0.2647,0.2717,0.3511,0.4189,0.7289,0.4631,0.2997,0.3504
2026-09-26T11:24Z,ALL,card:minimax-h3-solattn-edit-promptenhanced,81,81,0.2548,0.4154,0.4822,0.6719,0.8711,1.036,0.7242,0.2997,0.6719
2026-09-26T11:24Z,RTX 5090,card:minimax-h3-solattn-edit,43,43,0.4677,0.605,0.6696,0.7391,0.8698,0.9897,0.7765,0.5281,0.7391
2026-09-26T11:24Z,RTX 4090,card:minimax-h3-solattn-edit,30,30,0.3956,0.4539,0.4761,0.5793,0.8697,1.269,0.7148,0.4278,0.5652
2026-09-26T11:24Z,RTX 3090,card:minimax-h3-solattn-edit,9,9,0.2044,0.256,0.2726,0.3519,0.4689,0.6511,0.4594,0.2896,0.3519
2026-09-26T11:24Z,ALL,card:minimax-h3-solattn-edit,82,82,0.2044,0.4197,0.4998,0.6719,0.8691,1.036,0.7191,0.2896,0.6719
2026-09-26T16:23Z,RTX 3090,all,135,266,0.1191,0.143,0.1616,0.1872,0.2526,0.3879,0.2268,0.1206,0.187
2026-09-26T16:23Z,RTX 3090,reliable,93,165,0.1191,0.1388,0.1611,0.1914,0.2681,0.3994,0.239,0.1206,0.1914
2026-09-26T16:23Z,RTX 4090,all,255,679,0.1363,0.4011,0.4336,0.4944,0.6681,0.8921,0.5987,0.2752,0.5081
2026-09-26T16:23Z,RTX 4090,reliable,203,542,0.3411,0.4011,0.4309,0.4833,0.6691,0.8922,0.5892,0.3491,0.5081
2026-09-26T16:23Z,RTX 5090,all,286,863,0.2129,0.4704,0.5339,0.6418,0.8008,0.9353,0.7335,0.3665,0.6451
2026-09-26T16:23Z,RTX 5090,reliable,216,625,0.2129,0.4737,0.5344,0.6694,0.8012,0.9629,0.7588,0.3732,0.6672
2026-09-26T16:23Z,RTX 5090,card:minimax-h3-solattn-edit-promptenhanced,41,41,0.5126,0.6193,0.6689,0.7348,0.8704,1.0036,0.7701,0.5733,0.7348
2026-09-26T16:23Z,RTX 4090,card:minimax-h3-solattn-edit-promptenhanced,44,44,0.401,0.4032,0.4665,0.5911,0.8022,1.0646,0.6633,0.4019,0.5904
2026-09-26T16:23Z,RTX 3090,card:minimax-h3-solattn-edit-promptenhanced,10,10,0.2548,0.2675,0.2924,0.3596,0.4267,0.5556,0.4509,0.3,0.3519
2026-09-26T16:23Z,ALL,card:minimax-h3-solattn-edit-promptenhanced,95,95,0.2548,0.4023,0.4792,0.6711,0.8361,1.0036,0.687,0.3,0.6711
2026-09-26T16:23Z,RTX 5090,card:minimax-h3-solattn-edit,42,42,0.5222,0.6234,0.6711,0.7552,0.8689,0.984,0.7781,0.5667,0.7348
2026-09-26T16:23Z,RTX 4090,card:minimax-h3-solattn-edit,44,44,0.3956,0.4107,0.47,0.6691,0.7833,0.8925,0.6648,0.401,0.6686
2026-09-26T16:23Z,RTX 3090,card:minimax-h3-solattn-edit,10,10,0.2548,0.2675,0.292,0.3596,0.4267,0.5556,0.4508,0.2997,0.3519
2026-09-26T16:23Z,ALL,card:minimax-h3-solattn-edit,96,96,0.2548,0.4023,0.4848,0.6746,0.82,0.9631,0.6921,0.2997,0.6741
2026-09-26T19:51Z,RTX 3090,all,154,321,0.1163,0.145,0.1621,0.1869,0.2306,0.3972,0.2245,0.1199,0.1781
2026-09-26T19:51Z,RTX 3090,reliable,100,200,0.1191,0.1357,0.1605,0.1781,0.2339,0.4284,0.2337,0.1225,0.1781
2026-09-26T19:51Z,RTX 4090,all,263,690,0.1363,0.3944,0.4139,0.4819,0.6586,0.8905,0.575,0.2663,0.4944
2026-09-26T19:51Z,RTX 4090,reliable,224,603,0.3089,0.3985,0.4128,0.4808,0.6674,0.8921,0.5734,0.3389,0.4948
2026-09-26T19:51Z,RTX 5090,all,297,968,0.3356,0.4693,0.5339,0.6427,0.8006,0.9205,0.6856,0.3884,0.6676
2026-09-26T19:51Z,RTX 5090,reliable,229,732,0.3356,0.4704,0.5341,0.6543,0.8003,0.9212,0.6892,0.3891,0.6685
2026-09-26T19:51Z,RTX 5090,card:minimax-h3-solattn-edit-promptenhanced,37,37,0.5363,0.5819,0.657,0.6733,0.8034,0.9633,0.7473,0.557,0.6733
2026-09-26T19:51Z,RTX 4090,card:minimax-h3-solattn-edit-promptenhanced,51,51,0.3956,0.4022,0.4496,0.4859,0.7304,0.8922,0.6102,0.4004,0.4859
2026-09-26T19:51Z,RTX 3090,card:minimax-h3-solattn-edit-promptenhanced,9,9,0.2444,0.2456,0.2704,0.3359,0.3862,0.5541,0.3882,0.2784,0.3359
2026-09-26T19:51Z,ALL,card:minimax-h3-solattn-edit-promptenhanced,97,97,0.2444,0.4017,0.467,0.6422,0.8022,0.9052,0.6419,0.2784,0.6422
2026-09-26T19:51Z,RTX 5090,card:minimax-h3-solattn-edit,37,37,0.5126,0.576,0.6344,0.6719,0.8689,0.9633,0.7458,0.545,0.6719
2026-09-26T19:51Z,RTX 4090,card:minimax-h3-solattn-edit,51,51,0.3757,0.4022,0.4489,0.4978,0.7304,0.8922,0.6124,0.3951,0.4978
2026-09-26T19:51Z,RTX 3090,card:minimax-h3-solattn-edit,9,9,0.2444,0.2456,0.2704,0.3359,0.3862,0.5541,0.3882,0.2784,0.3359
2026-09-26T19:51Z,ALL,card:minimax-h3-solattn-edit,97,97,0.2444,0.401,0.4674,0.6344,0.8022,0.9215,0.6425,0.2784,0.6344
2026-09-26T22:49Z,RTX 3090,all,155,330,0.1211,0.1478,0.1631,0.187,0.243,0.3714,0.2222,0.1266,0.1869
2026-09-26T22:49Z,RTX 3090,reliable,98,201,0.1211,0.144,0.1621,0.1873,0.2675,0.4014,0.2317,0.1292,0.187
2026-09-26T22:49Z,RTX 4090,all,266,712,0.203,0.4006,0.4274,0.4804,0.5889,0.892,0.5829,0.3178,0.4939
2026-09-26T22:49Z,RTX 4090,reliable,229,634,0.3411,0.4006,0.4201,0.4765,0.6019,0.8922,0.5723,0.3479,0.4816
2026-09-26T22:49Z,RTX 5090,all,310,997,0.2129,0.471,0.5341,0.6365,0.7742,0.9106,0.719,0.3511,0.6669
2026-09-26T22:49Z,RTX 5090,reliable,227,720,0.2129,0.4708,0.5339,0.6385,0.7623,0.92,0.7322,0.3617,0.6672
2026-09-26T22:49Z,RTX 5090,card:minimax-h3-solattn-edit-promptenhanced,44,44,0.5363,0.5953,0.6424,0.6856,0.8673,0.9836,0.7553,0.565,0.6733
2026-09-26T22:49Z,RTX 4090,card:minimax-h3-solattn-edit-promptenhanced,47,47,0.3622,0.4104,0.4642,0.5363,0.7504,0.8924,0.6295,0.3915,0.5363
2026-09-26T22:49Z,RTX 3090,card:minimax-h3-solattn-edit-promptenhanced,9,9,0.2689,0.2902,0.3311,0.3519,0.4022,0.5033,0.3767,0.3167,0.3519
2026-09-26T22:49Z,ALL,card:minimax-h3-solattn-edit-promptenhanced,100,100,0.2689,0.4022,0.483,0.6484,0.8015,0.937,0.6621,0.3167,0.6437
2026-09-26T22:49Z,RTX 5090,card:minimax-h3-solattn-edit,43,43,0.4681,0.5944,0.6411,0.6719,0.8178,0.9338,0.7395,0.5341,0.6719
2026-09-26T22:49Z,RTX 4090,card:minimax-h3-solattn-edit,46,46,0.3622,0.4255,0.4693,0.5367,0.7367,0.8924,0.6322,0.3968,0.5363
2026-09-26T22:49Z,RTX 3090,card:minimax-h3-solattn-edit,9,9,0.2689,0.2902,0.3311,0.3519,0.4022,0.5033,0.3767,0.3167,0.3519
2026-09-26T22:49Z,ALL,card:minimax-h3-solattn-edit,98,98,0.2689,0.4027,0.4824,0.6411,0.7631,0.9011,0.6558,0.3167,0.6385
2026-09-27T01:26Z,RTX 3090,all,165,346,0.1191,0.1413,0.1615,0.187,0.2459,0.3956,0.2317,0.1204,0.1807
2026-09-27T01:26Z,RTX 3090,reliable,101,190,0.1191,0.1352,0.1606,0.1881,0.2673,0.3881,0.229,0.1206,0.187
2026-09-27T01:26Z,RTX 4090,all,266,677,0.203,0.4005,0.4154,0.4805,0.6324,0.8922,0.5897,0.3113,0.4956
2026-09-27T01:26Z,RTX 4090,reliable,228,602,0.3089,0.4005,0.4149,0.4704,0.6674,0.8922,0.579,0.3415,0.4819
2026-09-27T01:26Z,RTX 5090,all,307,986,0.4002,0.4792,0.5356,0.6512,0.8011,0.9342,0.7353,0.4018,0.6604
2026-09-27T01:26Z,RTX 5090,reliable,223,676,0.4011,0.4845,0.535,0.6678,0.8015,0.9367,0.7585,0.4168,0.6711
2026-09-27T01:26Z,RTX 5090,card:minimax-h3-solattn-edit-promptenhanced,42,42,0.5126,0.5926,0.6272,0.6726,0.8673,0.942,0.7355,0.5473,0.6719
2026-09-27T01:26Z,RTX 4090,card:minimax-h3-solattn-edit-promptenhanced,48,48,0.3889,0.4035,0.4585,0.563,0.7687,0.8923,0.6399,0.3995,0.537
2026-09-27T01:26Z,RTX 3090,card:minimax-h3-solattn-edit-promptenhanced,10,10,0.1089,0.2322,0.2756,0.377,0.492,0.899,0.445,0.2542,0.3519
2026-09-27T01:26Z,ALL,card:minimax-h3-solattn-edit-promptenhanced,100,100,0.1089,0.4029,0.482,0.6487,0.8017,0.9364,0.6606,0.2542,0.6444
2026-09-27T01:26Z,RTX 5090,card:minimax-h3-solattn-edit,42,42,0.5126,0.5936,0.654,0.7081,0.8689,0.9962,0.7623,0.563,0.6815
2026-09-27T01:26Z,RTX 4090,card:minimax-h3-solattn-edit,48,48,0.401,0.4022,0.4638,0.5494,0.7687,0.8923,0.6371,0.4017,0.537
2026-09-27T01:26Z,RTX 3090,card:minimax-h3-solattn-edit,10,10,0.1089,0.2009,0.2689,0.3237,0.492,0.899,0.4282,0.2307,0.2956
2026-09-27T01:26Z,ALL,card:minimax-h3-solattn-edit,100,100,0.1089,0.4022,0.4822,0.6689,0.8031,0.9364,0.6688,0.2307,0.6689
2026-09-27T06:10Z,RTX 3090,all,156,318,0.1209,0.1475,0.1614,0.1871,0.2673,0.4129,0.2361,0.1246,0.1869
2026-09-27T06:10Z,RTX 3090,reliable,105,190,0.1209,0.1469,0.1606,0.1878,0.2679,0.4181,0.2408,0.1246,0.187
2026-09-27T06:10Z,RTX 4090,all,272,731,0.2022,0.4011,0.4396,0.4956,0.6671,0.8903,0.5907,0.2923,0.5135
2026-09-27T06:10Z,RTX 4090,reliable,235,637,0.2022,0.4011,0.4324,0.4822,0.6674,0.8905,0.5867,0.3226,0.5135
2026-09-27T06:10Z,RTX 5090,all,315,985,0.3356,0.4707,0.5344,0.6289,0.8003,0.9209,0.7238,0.3852,0.6543
2026-09-27T06:10Z,RTX 5090,reliable,225,676,0.3356,0.5074,0.5344,0.6378,0.7853,0.9285,0.7441,0.3871,0.6676
2026-09-27T06:10Z,RTX 5090,card:minimax-h3-solattn-edit-promptenhanced,39,39,0.4726,0.5677,0.6048,0.6696,0.8081,0.937,0.7153,0.519,0.6696
2026-09-27T06:10Z,RTX 4090,card:minimax-h3-solattn-edit-promptenhanced,49,49,0.4022,0.4427,0.4636,0.537,0.7345,0.9414,0.6395,0.4167,0.537
2026-09-27T06:10Z,RTX 3090,card:minimax-h3-solattn-edit-promptenhanced,15,15,0.1591,0.2126,0.2822,0.3519,0.4472,0.4833,0.4104,0.232,0.3519
2026-09-27T06:10Z,ALL,card:minimax-h3-solattn-edit-promptenhanced,103,103,0.1591,0.4022,0.4659,0.603,0.7358,0.9368,0.6348,0.232,0.603
2026-09-27T06:10Z,RTX 5090,card:minimax-h3-solattn-edit,40,40,0.5363,0.6036,0.6325,0.6701,0.8048,0.9436,0.7344,0.5893,0.6699
2026-09-27T06:10Z,RTX 4090,card:minimax-h3-solattn-edit,49,49,0.3489,0.4022,0.4593,0.4978,0.7237,0.9414,0.6234,0.3833,0.4978
2026-09-27T06:10Z,RTX 3090,card:minimax-h3-solattn-edit,14,14,0.1591,0.207,0.3056,0.3581,0.4267,0.4829,0.4148,0.2454,0.3519
2026-09-27T06:10Z,ALL,card:minimax-h3-solattn-edit,103,103,0.1591,0.3907,0.4601,0.6259,0.7304,0.9368,0.6382,0.2454,0.6259
2026-09-27T12:04Z,RTX 3090,all,155,307,0.1192,0.1478,0.1639,0.1889,0.2683,0.4024,0.251,0.1206,0.187
2026-09-27T12:04Z,RTX 3090,reliable,105,201,0.1192,0.1356,0.1622,0.2007,0.2678,0.3833,0.2486,0.1206,0.1874
2026-09-27T12:04Z,RTX 4090,all,261,662,0.2022,0.4008,0.4296,0.4956,0.6675,1.0022,0.6133,0.2901,0.5081
2026-09-27T12:04Z,RTX 4090,reliable,217,548,0.2022,0.401,0.4296,0.4874,0.6696,1.0673,0.6056,0.327,0.5081
2026-09-27T12:04Z,RTX 5090,all,321,1017,0.2129,0.5078,0.5481,0.6669,0.8003,0.9209,0.6995,0.3664,0.6943
2026-09-27T12:04Z,RTX 5090,reliable,240,778,0.2129,0.5078,0.5481,0.6681,0.8006,0.9602,0.7113,0.3664,0.7341
2026-09-27T12:04Z,RTX 5090,card:minimax-h3-solattn-edit-promptenhanced,39,39,0.5393,0.603,0.6463,0.7756,0.8719,0.9663,0.7682,0.5823,0.7756
2026-09-27T12:04Z,RTX 4090,card:minimax-h3-solattn-edit-promptenhanced,46,46,0.401,0.4052,0.46,0.5896,0.8028,1.2692,0.6861,0.4027,0.5889
2026-09-27T12:04Z,RTX 3090,card:minimax-h3-solattn-edit-promptenhanced,14,14,0.2689,0.2796,0.3389,0.3611,0.4009,0.9239,0.487,0.3052,0.3519
2026-09-27T12:04Z,ALL,card:minimax-h3-solattn-edit-promptenhanced,99,99,0.2689,0.4002,0.4689,0.6704,0.8701,1.0078,0.6903,0.3052,0.6704
2026-09-27T12:04Z,RTX 5090,card:minimax-h3-solattn-edit,39,39,0.5363,0.603,0.6484,0.7348,0.8715,0.9645,0.7594,0.5783,0.7348
2026-09-27T12:04Z,RTX 4090,card:minimax-h3-solattn-edit,46,46,0.3889,0.4041,0.457,0.5911,0.8028,1.2692,0.6855,0.3996,0.5904
2026-09-27T12:04Z,RTX 3090,card:minimax-h3-solattn-edit,14,14,0.2689,0.3139,0.3487,0.3862,0.4539,0.9239,0.5033,0.3215,0.3703
2026-09-27T12:04Z,ALL,card:minimax-h3-solattn-edit,99,99,0.2689,0.4022,0.4689,0.6711,0.8693,1.003,0.6889,0.3215,0.6711
2026-09-27T16:59Z,RTX 3090,all,133,263,0.1192,0.1411,0.1641,0.1874,0.2684,0.4027,0.2487,0.1206,0.1872
2026-09-27T16:59Z,RTX 3090,reliable,88,174,0.1192,0.1353,0.1644,0.1911,0.2686,0.4024,0.2497,0.1206,0.1874
2026-09-27T16:59Z,RTX 4090,all,228,567,0.1363,0.4027,0.4673,0.5217,0.6741,1.0431,0.653,0.2965,0.5336
2026-09-27T16:59Z,RTX 4090,reliable,181,448,0.2956,0.4022,0.4556,0.5363,0.697,1.1383,0.6425,0.347,0.5481
2026-09-27T16:59Z,RTX 5090,all,262,826,0.3344,0.5167,0.5622,0.6821,0.8192,0.9919,0.7902,0.3768,0.7346
2026-09-27T16:59Z,RTX 5090,reliable,200,646,0.3344,0.5211,0.5738,0.6994,0.8669,1.0021,0.8108,0.3768,0.7607
2026-09-27T16:59Z,RTX 5090,card:minimax-h3-solattn-edit-promptenhanced,36,36,0.5126,0.5659,0.6665,0.7359,0.8815,1.0032,0.7746,0.5443,0.7356
2026-09-27T16:59Z,RTX 4090,card:minimax-h3-solattn-edit-promptenhanced,40,40,0.401,0.4324,0.4817,0.6726,0.8022,1.2682,0.7144,0.4089,0.6711
2026-09-27T16:59Z,RTX 3090,card:minimax-h3-solattn-edit-promptenhanced,12,12,0.3359,0.3484,0.3515,0.4063,0.4904,0.8608,0.4897,0.3577,0.4037
2026-09-27T16:59Z,ALL,card:minimax-h3-solattn-edit-promptenhanced,88,88,0.3359,0.4037,0.537,0.6809,0.8697,1.01,0.7084,0.3575,0.6741
2026-09-27T16:59Z,RTX 5090,card:minimax-h3-solattn-edit,36,36,0.5378,0.653,0.6874,0.7948,0.8851,0.9973,0.7972,0.6084,0.7881
2026-09-27T16:59Z,RTX 4090,card:minimax-h3-solattn-edit,40,40,0.401,0.4324,0.4689,0.6374,0.8022,1.2682,0.7018,0.4089,0.6037
2026-09-27T16:59Z,RTX 3090,card:minimax-h3-solattn-edit,12,12,0.3359,0.3485,0.3519,0.4063,0.4904,0.8608,0.5231,0.358,0.4037
2026-09-27T16:59Z,ALL,card:minimax-h3-solattn-edit,88,88,0.3359,0.4037,0.536,0.6916,0.87,1.0101,0.7165,0.3577,0.6877
2026-09-27T19:58Z,RTX 3090,all,170,365,0.1191,0.1379,0.1638,0.193,0.2678,0.3785,0.242,0.1206,0.1874
2026-09-27T19:58Z,RTX 3090,reliable,110,211,0.1191,0.1355,0.1603,0.2006,0.2918,0.4023,0.2495,0.1206,0.1919
2026-09-27T19:58Z,RTX 4090,all,251,653,0.1363,0.4011,0.441,0.4956,0.668,0.8681,0.5964,0.2869,0.507
2026-09-27T19:58Z,RTX 4090,reliable,206,537,0.2944,0.4011,0.4361,0.4916,0.6685,0.8356,0.58,0.3348,0.5069
2026-09-27T19:58Z,RTX 5090,all,299,989,0.2129,0.509,0.5363,0.6669,0.8009,0.9198,0.7524,0.39,0.6678
2026-09-27T19:58Z,RTX 5090,reliable,221,749,0.2129,0.5335,0.5612,0.6689,0.8015,0.934,0.7767,0.4111,0.7205
2026-09-27T19:58Z,RTX 5090,card:minimax-h3-solattn-edit-promptenhanced,42,42,0.5613,0.6193,0.6706,0.7633,0.87,1.0019,0.7833,0.5977,0.7385
2026-09-27T19:58Z,RTX 4090,card:minimax-h3-solattn-edit-promptenhanced,45,45,0.4022,0.4473,0.4741,0.5652,0.8022,1.0401,0.6716,0.4301,0.5652
2026-09-27T19:58Z,RTX 3090,card:minimax-h3-solattn-edit-promptenhanced,11,11,0.1751,0.3215,0.3439,0.4022,0.5805,0.8948,0.4849,0.3072,0.4022
2026-09-27T19:58Z,ALL,card:minimax-h3-solattn-edit-promptenhanced,98,98,0.1751,0.4397,0.4949,0.6741,0.8681,0.9964,0.6985,0.3072,0.6741
2026-09-27T19:58Z,RTX 5090,card:minimax-h3-solattn-edit,42,42,0.5126,0.6017,0.6691,0.7319,0.8687,1.0019,0.7669,0.5615,0.7282
2026-09-27T19:58Z,RTX 4090,card:minimax-h3-solattn-edit,45,45,0.401,0.4364,0.4689,0.5889,0.8022,1.2176,0.675,0.4132,0.5889
2026-09-27T19:58Z,RTX 3090,card:minimax-h3-solattn-edit,11,11,0.1751,0.3359,0.3519,0.4037,0.5805,0.8948,0.4929,0.3234,0.4037
2026-09-27T19:58Z,ALL,card:minimax-h3-solattn-edit,98,98,0.1751,0.4229,0.4898,0.6711,0.8511,1.003,0.6939,0.3231,0.6711
2026-09-27T22:52Z,RTX 3090,all,179,388,0.1191,0.1432,0.1633,0.1878,0.2678,0.391,0.2431,0.1208,0.187
2026-09-27T22:52Z,RTX 3090,reliable,117,229,0.1191,0.1431,0.1622,0.2006,0.2689,0.4024,0.2515,0.1223,0.1914
2026-09-27T22:52Z,RTX 4090,all,270,719,0.1363,0.4011,0.4328,0.495,0.6674,0.8682,0.5785,0.2686,0.5072
2026-09-27T22:52Z,RTX 4090,reliable,232,619,0.2956,0.4011,0.4293,0.482,0.6685,0.8823,0.5909,0.351,0.5089
2026-09-27T22:52Z,RTX 5090,all,325,1087,0.3344,0.4692,0.5339,0.6278,0.7748,0.8689,0.6943,0.366,0.6543
2026-09-27T22:52Z,RTX 5090,reliable,237,795,0.3344,0.4717,0.5344,0.6462,0.8003,0.92,0.7002,0.366,0.6689
2026-09-27T22:52Z,RTX 5090,card:minimax-h3-solattn-edit-promptenhanced,42,42,0.5613,0.6015,0.647,0.677,0.8026,0.9305,0.7329,0.5826,0.6719
2026-09-27T22:52Z,RTX 4090,card:minimax-h3-solattn-edit-promptenhanced,47,47,0.401,0.4228,0.4578,0.537,0.793,1.1902,0.6633,0.402,0.537
2026-09-27T22:52Z,RTX 3090,card:minimax-h3-solattn-edit-promptenhanced,13,13,0.2037,0.2446,0.2689,0.3519,0.3757,0.8096,0.4122,0.2543,0.3519
2026-09-27T22:52Z,ALL,card:minimax-h3-solattn-edit-promptenhanced,102,102,0.2037,0.401,0.4702,0.6578,0.797,0.937,0.6599,0.2543,0.657
2026-09-27T22:52Z,RTX 5090,card:minimax-h3-solattn-edit,41,41,0.4726,0.5785,0.603,0.6704,0.8044,0.937,0.7171,0.5329,0.6704
2026-09-27T22:52Z,RTX 4090,card:minimax-h3-solattn-edit,47,47,0.401,0.4332,0.4563,0.537,0.793,1.1902,0.6591,0.4078,0.537
2026-09-27T22:52Z,RTX 3090,card:minimax-h3-solattn-edit,14,14,0.2074,0.2244,0.2756,0.3519,0.4006,0.767,0.409,0.2459,0.3519
2026-09-27T22:52Z,ALL,card:minimax-h3-solattn-edit,102,102,0.2074,0.4012,0.4593,0.6035,0.8022,0.937,0.6481,0.2459,0.6033
2026-09-28T01:27Z,RTX 3090,all,191,423,0.1192,0.143,0.1644,0.1896,0.2612,0.3519,0.2352,0.1203,0.1872
2026-09-28T01:27Z,RTX 3090,reliable,136,272,0.1192,0.143,0.1644,0.2022,0.2678,0.3878,0.2488,0.1206,0.2022
2026-09-28T01:27Z,RTX 4090,all,270,709,0.203,0.4008,0.4279,0.4956,0.6672,0.882,0.5998,0.2806,0.5078
2026-09-28T01:27Z,RTX 4090,reliable,214,579,0.2944,0.4011,0.4194,0.4818,0.6674,0.8782,0.5835,0.3452,0.5211
2026-09-28T01:27Z,RTX 5090,all,309,1023,0.3344,0.5077,0.5356,0.6424,0.8006,0.9678,0.7737,0.3715,0.6674
2026-09-28T01:27Z,RTX 5090,reliable,232,756,0.3344,0.5074,0.5344,0.6619,0.8015,0.9855,0.792,0.3717,0.707
2026-09-28T01:27Z,RTX 5090,card:minimax-h3-solattn-edit-promptenhanced,38,38,0.4726,0.5871,0.6042,0.6715,0.87,1.003,0.743,0.5359,0.6711
2026-09-28T01:27Z,RTX 4090,card:minimax-h3-solattn-edit-promptenhanced,48,48,0.401,0.4296,0.4585,0.522,0.8022,1.2683,0.6665,0.4049,0.5219
2026-09-28T01:27Z,RTX 3090,card:minimax-h3-solattn-edit-promptenhanced,15,15,0.2074,0.2281,0.2485,0.3481,0.3863,0.7244,0.4212,0.2329,0.3481
2026-09-28T01:27Z,ALL,card:minimax-h3-solattn-edit-promptenhanced,101,101,0.2074,0.3757,0.4689,0.6022,0.8037,1.0037,0.6589,0.2329,0.6022
2026-09-28T01:27Z,RTX 5090,card:minimax-h3-solattn-edit,39,39,0.4726,0.589,0.6448,0.6711,0.8678,1.003,0.7402,0.5373,0.6711
2026-09-28T01:27Z,RTX 4090,card:minimax-h3-solattn-edit,48,48,0.3889,0.4116,0.4561,0.5035,0.7883,1.2683,0.6549,0.3947,0.4978
2026-09-28T01:27Z,RTX 3090,card:minimax-h3-solattn-edit,15,15,0.2037,0.2124,0.243,0.3359,0.3638,0.7244,0.3818,0.2234,0.3359
2026-09-28T01:27Z,ALL,card:minimax-h3-solattn-edit,102,102,0.2037,0.3542,0.4595,0.603,0.8028,1.0035,0.6473,0.2234,0.6022
2026-09-28T07:23Z,RTX 3090,all,180,431,0.1209,0.1379,0.1563,0.1872,0.2437,0.3489,0.2214,0.1216,0.1869
2026-09-28T07:23Z,RTX 3090,reliable,130,290,0.1209,0.1357,0.1563,0.1893,0.264,0.3875,0.2327,0.1237,0.1874
2026-09-28T07:23Z,RTX 4090,all,268,711,0.1363,0.4008,0.4164,0.4885,0.6147,0.8762,0.5989,0.2396,0.5074
2026-09-28T07:23Z,RTX 4090,reliable,220,591,0.2022,0.4011,0.4154,0.4812,0.6679,0.8697,0.5803,0.3084,0.5078
2026-09-28T07:23Z,RTX 5090,all,321,1005,0.3356,0.5091,0.5348,0.6289,0.7629,0.9198,0.7294,0.3964,0.6413
2026-09-28T07:23Z,RTX 5090,reliable,241,752,0.3356,0.5091,0.5344,0.6406,0.7735,0.9209,0.737,0.4047,0.6426
2026-09-28T07:23Z,RTX 5090,card:minimax-h3-solattn-edit-promptenhanced,46,46,0.5222,0.6015,0.6452,0.7026,0.8689,0.9983,0.7507,0.561,0.6837
2026-09-28T07:23Z,RTX 4090,card:minimax-h3-solattn-edit-promptenhanced,48,48,0.401,0.4033,0.4461,0.4846,0.7437,0.9663,0.6225,0.402,0.4833
2026-09-28T07:23Z,RTX 3090,card:minimax-h3-solattn-edit-promptenhanced,9,9,0.1363,0.2637,0.3504,0.4037,0.4689,0.9628,0.4918,0.3097,0.4037
2026-09-28T07:23Z,ALL,card:minimax-h3-solattn-edit-promptenhanced,103,103,0.1363,0.4037,0.4815,0.6452,0.803,1.001,0.6683,0.3091,0.6452
2026-09-28T07:23Z,RTX 5090,card:minimax-h3-solattn-edit,46,46,0.4681,0.6019,0.6446,0.6719,0.8689,0.9866,0.7488,0.561,0.6719
2026-09-28T07:23Z,RTX 4090,card:minimax-h3-solattn-edit,48,48,0.3778,0.4022,0.4517,0.4919,0.772,0.9663,0.625,0.3947,0.4859
2026-09-28T07:23Z,RTX 3090,card:minimax-h3-solattn-edit,9,9,0.2689,0.2902,0.3504,0.3578,0.4689,0.9628,0.4957,0.3249,0.3578
2026-09-28T07:23Z,ALL,card:minimax-h3-solattn-edit,103,103,0.2689,0.4022,0.473,0.6476,0.8037,0.9963,0.669,0.3249,0.6476
2026-09-28T15:47Z,RTX 3090,all,151,332,0.0817,0.1336,0.1494,0.1881,0.2884,0.4295,0.2534,0.0904,0.1872
2026-09-28T15:47Z,RTX 3090,reliable,100,217,0.1191,0.1355,0.1627,0.2019,0.3359,0.4356,0.2781,0.1206,0.2006
2026-09-28T15:47Z,RTX 4090,all,219,547,0.203,0.4005,0.4489,0.5059,0.6683,0.9489,0.6269,0.2788,0.5336
2026-09-28T15:47Z,RTX 4090,reliable,174,447,0.317,0.4008,0.4419,0.4964,0.6681,0.9141,0.5997,0.3343,0.5336
2026-09-28T15:47Z,RTX 5090,all,302,971,0.3344,0.4939,0.5339,0.6289,0.7941,0.9209,0.7336,0.3664,0.6548
2026-09-28T15:47Z,RTX 5090,reliable,229,732,0.3344,0.4724,0.5339,0.6406,0.7744,0.9356,0.7405,0.3664,0.6672
2026-09-28T15:47Z,RTX 5090,card:minimax-h3-solattn-edit-promptenhanced,37,37,0.4726,0.5457,0.6193,0.7348,0.8689,0.9976,0.7452,0.5083,0.7348
2026-09-28T15:47Z,RTX 4090,card:minimax-h3-solattn-edit-promptenhanced,43,43,0.4022,0.4551,0.4964,0.5904,0.8026,1.2421,0.6837,0.4244,0.5904
2026-09-28T15:47Z,RTX 3090,card:minimax-h3-solattn-edit-promptenhanced,13,13,0.1911,0.2576,0.3359,0.4012,0.4929,1.175,0.5473,0.2805,0.4012
2026-09-28T15:47Z,ALL,card:minimax-h3-solattn-edit-promptenhanced,93,93,0.1911,0.4083,0.4972,0.6193,0.8044,1.0256,0.6891,0.2805,0.6193
2026-09-28T15:47Z,RTX 5090,card:minimax-h3-solattn-edit,37,37,0.4726,0.5457,0.6193,0.7348,0.8557,0.9976,0.7373,0.5163,0.7348
2026-09-28T15:47Z,RTX 4090,card:minimax-h3-solattn-edit,43,43,0.403,0.4437,0.4826,0.537,0.803,1.2421,0.6788,0.4293,0.537
2026-09-28T15:47Z,RTX 3090,card:minimax-h3-solattn-edit,13,13,0.1911,0.2576,0.3359,0.4012,0.4348,0.8476,0.4653,0.2805,0.4012
2026-09-28T15:47Z,ALL,card:minimax-h3-solattn-edit,93,93,0.1911,0.4089,0.4929,0.6193,0.8037,1.0049,0.6722,0.2805,0.6193
2026-09-28T21:24Z,RTX 3090,all,146,312,0.0833,0.1343,0.1563,0.1872,0.2681,0.4264,0.2851,0.1034,0.1869
2026-09-28T21:24Z,RTX 3090,reliable,103,210,0.1191,0.1356,0.1672,0.2015,0.3165,0.473,0.3269,0.12,0.1921
2026-09-28T21:24Z,RTX 4090,all,255,688,0.203,0.4022,0.4552,0.4944,0.6013,0.8019,0.5833,0.3184,0.507
2026-09-28T21:24Z,RTX 4090,reliable,204,573,0.3344,0.4018,0.4418,0.4874,0.6089,0.8027,0.5829,0.3606,0.5074
2026-09-28T21:24Z,RTX 5090,all,296,950,0.3356,0.5089,0.5341,0.628,0.7607,0.8696,0.6935,0.4042,0.6344
2026-09-28T21:24Z,RTX 5090,reliable,227,737,0.3356,0.5076,0.5339,0.6326,0.7607,0.8704,0.6868,0.4059,0.6575
2026-09-28T21:24Z,RTX 5090,card:minimax-h3-solattn-edit-promptenhanced,41,41,0.5333,0.5652,0.603,0.6711,0.8037,0.8704,0.719,0.551,0.6711
2026-09-28T21:24Z,RTX 4090,card:minimax-h3-solattn-edit-promptenhanced,41,41,0.4022,0.4415,0.4822,0.5652,0.797,1.268,0.6721,0.4182,0.5652
2026-09-28T21:24Z,RTX 3090,card:minimax-h3-solattn-edit-promptenhanced,12,12,0.3359,0.3519,0.3597,0.3953,0.4933,0.8949,0.5142,0.3555,0.3893
2026-09-28T21:24Z,ALL,card:minimax-h3-solattn-edit-promptenhanced,94,94,0.3359,0.4198,0.5071,0.6181,0.7887,1.0075,0.6724,0.3555,0.617
2026-09-28T21:24Z,RTX 5090,card:minimax-h3-solattn-edit,42,42,0.5333,0.5609,0.6017,0.6704,0.7872,0.8724,0.712,0.5477,0.6696
2026-09-28T21:24Z,RTX 4090,card:minimax-h3-solattn-edit,41,41,0.4022,0.4415,0.4822,0.5904,0.797,1.268,0.6737,0.4182,0.5904
2026-09-28T21:24Z,RTX 3090,card:minimax-h3-solattn-edit,12,12,0.3359,0.3505,0.3597,0.3953,0.4933,1.1335,0.5474,0.3552,0.3893
2026-09-28T21:24Z,ALL,card:minimax-h3-solattn-edit,95,95,0.3359,0.4212,0.5013,0.6022,0.7804,1.0593,0.6747,0.3552,0.6022
2026-09-29T01:10Z,RTX 3090,all,183,400,0.0833,0.1356,0.1611,0.187,0.2243,0.3499,0.2222,0.1061,0.1869
2026-09-29T01:10Z,RTX 3090,reliable,124,260,0.1191,0.1356,0.1645,0.188,0.2348,0.3514,0.2326,0.1216,0.1869
2026-09-29T01:10Z,RTX 4090,all,248,665,0.1363,0.4011,0.4407,0.4815,0.6007,0.8471,0.7101,0.2987,0.4939
2026-09-29T01:10Z,RTX 4090,reliable,200,559,0.3344,0.4011,0.4374,0.4815,0.6014,0.8422,0.7298,0.3427,0.4872
2026-09-29T01:10Z,RTX 5090,all,323,1086,0.3356,0.4961,0.5339,0.6096,0.7607,0.9003,0.6819,0.3922,0.6148
2026-09-29T01:10Z,RTX 5090,reliable,245,827,0.3356,0.4801,0.5339,0.6048,0.7607,0.9201,0.6738,0.3961,0.6326
2026-09-29T01:10Z,RTX 5090,card:minimax-h3-solattn-edit-promptenhanced,46,46,0.537,0.5618,0.6061,0.6696,0.8031,0.9703,0.7168,0.5429,0.6696
2026-09-29T01:10Z,RTX 4090,card:minimax-h3-solattn-edit-promptenhanced,44,44,0.401,0.4373,0.4677,0.5174,0.742,1.148,0.6379,0.4196,0.5126
2026-09-29T01:10Z,RTX 3090,card:minimax-h3-solattn-edit-promptenhanced,13,13,0.2111,0.2784,0.3359,0.4037,0.4681,1.175,0.552,0.2934,0.4037
2026-09-29T01:10Z,ALL,card:minimax-h3-solattn-edit-promptenhanced,103,103,0.2111,0.4307,0.483,0.6059,0.7993,1.0198,0.6623,0.2934,0.6059
2026-09-29T01:10Z,RTX 5090,card:minimax-h3-solattn-edit,46,46,0.5378,0.5652,0.6061,0.6696,0.8037,0.9703,0.7244,0.5486,0.6696
2026-09-29T01:10Z,RTX 4090,card:minimax-h3-solattn-edit,44,44,0.401,0.4314,0.4677,0.5222,0.742,1.1481,0.6433,0.4129,0.5222
2026-09-29T01:10Z,RTX 3090,card:minimax-h3-solattn-edit,14,14,0.2111,0.2704,0.3056,0.3571,0.474,1.1617,0.53,0.2771,0.3519
2026-09-29T01:10Z,ALL,card:minimax-h3-solattn-edit,104,104,0.2111,0.4104,0.4923,0.6063,0.8017,1.0178,0.6639,0.2771,0.6059
2026-09-29T06:56Z,RTX 3090,all,167,361,0.1191,0.1472,0.1622,0.1907,0.2671,0.3716,0.2337,0.12,0.1874
2026-09-29T06:56Z,RTX 3090,reliable,114,224,0.1191,0.1452,0.1658,0.2015,0.2791,0.3767,0.2462,0.12,0.2006
2026-09-29T06:56Z,RTX 4090,all,245,617,0.1363,0.4009,0.4411,0.4956,0.6022,0.8545,0.7206,0.2556,0.5069
2026-09-29T06:56Z,RTX 4090,reliable,201,539,0.2022,0.4015,0.4411,0.4942,0.6037,0.8397,0.7419,0.3295,0.507
2026-09-29T06:56Z,RTX 5090,all,309,1029,0.337,0.4956,0.5339,0.6144,0.7607,0.8707,0.6821,0.3679,0.6336
2026-09-29T06:56Z,RTX 5090,reliable,235,789,0.3869,0.4964,0.5339,0.6144,0.7607,0.9108,0.6777,0.3903,0.6584
2026-09-29T06:56Z,RTX 5090,card:minimax-h3-solattn-edit-promptenhanced,38,38,0.5104,0.5316,0.5798,0.6696,0.8526,0.9868,0.7166,0.5187,0.6696
2026-09-29T06:56Z,RTX 4090,card:minimax-h3-solattn-edit-promptenhanced,46,46,0.4022,0.4422,0.4693,0.5285,0.7318,1.2036,0.6501,0.4173,0.5222
2026-09-29T06:56Z,RTX 3090,card:minimax-h3-solattn-edit-promptenhanced,10,10,0.2037,0.2037,0.339,0.4,0.5085,1.0956,0.5288,0.2916,0.3652
2026-09-29T06:56Z,ALL,card:minimax-h3-solattn-edit-promptenhanced,94,94,0.2037,0.4376,0.4847,0.5974,0.7925,1.0318,0.6641,0.2916,0.5926
2026-09-29T06:56Z,RTX 5090,card:minimax-h3-solattn-edit,38,38,0.4726,0.5313,0.603,0.6704,0.8689,0.9898,0.7299,0.5064,0.6704
2026-09-29T06:56Z,RTX 4090,card:minimax-h3-solattn-edit,46,46,0.3889,0.4323,0.4729,0.5296,0.7318,1.2036,0.6538,0.4051,0.5222
2026-09-29T06:56Z,RTX 3090,card:minimax-h3-solattn-edit,10,10,0.2037,0.267,0.339,0.3933,0.5085,1.0956,0.5345,0.3031,0.3519
2026-09-29T06:56Z,ALL,card:minimax-h3-solattn-edit,94,94,0.2037,0.4308,0.4847,0.6033,0.8035,1.0352,0.6719,0.3031,0.603
2026-09-29T13:50Z,RTX 3090,all,131,262,0.1222,0.1478,0.1622,0.1872,0.2468,0.4234,0.2277,0.1318,0.1781
2026-09-29T13:50Z,RTX 3090,reliable,80,153,0.1222,0.1558,0.1684,0.2006,0.2678,0.4333,0.2409,0.1327,0.187
2026-09-29T13:50Z,RTX 4090,all,235,642,0.203,0.4013,0.4422,0.4908,0.5389,0.802,0.7048,0.2773,0.4956
2026-09-29T13:50Z,RTX 4090,reliable,186,547,0.3103,0.4017,0.4422,0.4901,0.5556,0.8022,0.7299,0.3428,0.5069
2026-09-29T13:50Z,RTX 5090,all,292,929,0.4002,0.469,0.5341,0.6289,0.774,0.8679,0.6865,0.4068,0.6537
2026-09-29T13:50Z,RTX 5090,reliable,219,691,0.4011,0.4704,0.5341,0.627,0.7607,0.8726,0.6804,0.4136,0.6672
2026-09-29T13:50Z,RTX 5090,card:minimax-h3-solattn-edit-promptenhanced,37,37,0.4726,0.5393,0.603,0.6696,0.8015,0.871,0.7034,0.5222,0.6696
2026-09-29T13:50Z,RTX 4090,card:minimax-h3-solattn-edit-promptenhanced,40,40,0.429,0.4422,0.4707,0.5389,0.7654,0.8309,0.6376,0.4345,0.537
2026-09-29T13:50Z,RTX 3090,card:minimax-h3-solattn-edit-promptenhanced,8,8,0.2689,0.2725,0.3313,0.3637,0.6206,1.1489,0.562,0.3241,0.3519
2026-09-29T13:50Z,ALL,card:minimax-h3-solattn-edit-promptenhanced,85,85,0.2689,0.4385,0.4923,0.6156,0.7748,0.8713,0.6591,0.3241,0.6156
2026-09-29T13:50Z,RTX 5090,card:minimax-h3-solattn-edit,37,37,0.4726,0.533,0.6022,0.6662,0.737,0.861,0.6835,0.5113,0.6662
2026-09-29T13:50Z,RTX 4090,card:minimax-h3-solattn-edit,40,40,0.401,0.4326,0.4688,0.5296,0.7654,0.8309,0.6296,0.419,0.5222
2026-09-29T13:50Z,RTX 3090,card:minimax-h3-solattn-edit,7,7,0.2741,0.3207,0.3519,0.3756,0.77,1.1756,0.6041,0.3649,0.3756
2026-09-29T13:50Z,ALL,card:minimax-h3-solattn-edit,84,84,0.2741,0.4355,0.4898,0.6052,0.7443,0.8657,0.6512,0.3509,0.6052
